State,Action,Q_Value
BLOCKED_PATH,"('BOMB', 0, 0)",2.125
BOMB_EVADE,"('MOVE', 0, 1)",1.0
BOMB_EVADE,"('BOMB', 0, 1)",2.0625
BOMB_EVADE,"('BOMB', 0, 1)",2.02576171875
BOMB_EVADE,"('BOMB', 0, 1)",1.9896778381347655
BOMB_EVADE,"('BOMB', 0, 1)",1.9542367016429902
BOMB_EVADE,"('BOMB', 0, 1)",1.9194268603949745
BOMB_EVADE,"('BOMB', 0, 1)",1.8852370694441891
BOMB_EVADE,"('BOMB', 0, 1)",1.8516562841447142
BOMB_EVADE,"('BOMB', 0, 1)",1.8186736565833868
BOMB_EVADE,"('BOMB', 0, 1)",1.786278532075495
BOMB_EVADE,"('BOMB', 0, 1)",1.7544604457229003
BLOCKED_PATH,"('BOMB', 0, 0)",1.9010546875
BOMB_EVADE,"('MOVE', 0, 1)",0.9273949323346053
BOMB_EVADE,"('BOMB', 0, 1)",1.8053682167241507
BOMB_EVADE,"('BOMB', 0, 1)",1.7732100953637517
BOMB_EVADE,"('BOMB', 0, 1)",1.741624790540085
BOMB_EVADE,"('BOMB', 0, 1)",1.7106020989585897
BOMB_EVADE,"('BOMB', 0, 1)",1.6801319990708898
BOMB_EVADE,"('BOMB', 0, 1)",1.6502046478374397
BOMB_EVADE,"('BOMB', 0, 1)",1.6208103775478353
BOMB_EVADE,"('BOMB', 0, 1)",1.5919396926977645
BOMB_EVADE,"('BOMB', 0, 1)",1.5635832669215857
BOMB_EVADE,"('BOMB', 0, 1)",1.5357319399795446
BLOCKED_PATH,"('BOMB', 0, 0)",1.7061035749020843
BOMB_EVADE,"('MOVE', 0, 1)",0.8600411784478706
BOMB_EVADE,"('BOMB', 0, 1)",1.5765223749431168
BOMB_EVADE,"('BOMB', 0, 1)",1.5484405701394426
BOMB_EVADE,"('BOMB', 0, 1)",1.5208589724838335
BOMB_EVADE,"('BOMB', 0, 1)",1.4937686720364654
BOMB_EVADE,"('BOMB', 0, 1)",1.4671609175658158
BOMB_EVADE,"('BOMB', 0, 1)",1.4410271137216748
BOMB_EVADE,"('BOMB', 0, 1)",1.4153588182585075
BOMB_EVADE,"('BOMB', 0, 1)",1.390147739308278
BOMB_EVADE,"('BOMB', 0, 1)",1.365385732701849
BOMB_EVADE,"('BOMB', 0, 1)",1.3410647993380973
BLOCKED_PATH,"('BOMB', 0, 0)",1.5357101652567984
BOMB_EVADE,"('MOVE', 0, 1)",0.797560746918013
BOMB_EVADE,"('BOMB', 0, 1)",1.3730489846885876
BOMB_EVADE,"('BOMB', 0, 1)",1.348591549648822
BOMB_EVADE,"('BOMB', 0, 1)",1.3245697626707025
BOMB_EVADE,"('BOMB', 0, 1)",1.3009758637731306
BOMB_EVADE,"('BOMB', 0, 1)",1.2778022311996717
BOMB_EVADE,"('BOMB', 0, 1)",1.2550413789564274
BOMB_EVADE,"('BOMB', 0, 1)",1.232685954393766
BOMB_EVADE,"('BOMB', 0, 1)",1.2107287358311272
BOMB_EVADE,"('BOMB', 0, 1)",1.1891626302241352
BOMB_EVADE,"('BOMB', 0, 1)",1.1679806708732678
BLOCKED_PATH,"('BOMB', 0, 0)",1.386186817312144
BOMB_EVADE,"('MOVE', 0, 1)",0.7396026893670471
BOMB_EVADE,"('BOMB', 0, 1)",1.192322851687244
BOMB_EVADE,"('BOMB', 0, 1)",1.1710846008915647
BOMB_EVADE,"('BOMB', 0, 1)",1.150224656438184
BOMB_EVADE,"('BOMB', 0, 1)",1.1297362797453787
BOMB_EVADE,"('BOMB', 0, 1)",1.1096128522624142
BOMB_EVADE,"('BOMB', 0, 1)",1.08984787333149
BOMB_EVADE,"('BOMB', 0, 1)",1.0704349580877728
BOMB_EVADE,"('BOMB', 0, 1)",1.0513678353968343
BOMB_EVADE,"('BOMB', 0, 1)",1.0326403458288282
BOMB_EVADE,"('BOMB', 0, 1)",1.014246439668752
BLOCKED_PATH,"('BOMB', 0, 0)",1.2544622947571895
BOMB_EVADE,"('MOVE', 0, 1)",0.6858411806992286
BOMB_EVADE,"('BOMB', 0, 1)",1.031979300215834
BOMB_EVADE,"('BOMB', 0, 1)",1.0135971689307395
BOMB_EVADE,"('BOMB', 0, 1)",0.9955424693591606
BOMB_EVADE,"('BOMB', 0, 1)",0.9778093691237004
BOMB_EVADE,"('BOMB', 0, 1)",0.9603921397361845
BOMB_EVADE,"('BOMB', 0, 1)",0.9432851547471339
BOMB_EVADE,"('BOMB', 0, 1)",0.9264828879282005
BOMB_EVADE,"('BOMB', 0, 1)",0.9099799114869795
BOMB_EVADE,"('BOMB', 0, 1)",0.8937708943136177
BOMB_EVADE,"('BOMB', 0, 1)",0.8778506002586564
BLOCKED_PATH,"('BOMB', 0, 0)",1.137973213258811
BOMB_EVADE,"('MOVE', 0, 1)",0.6359737342475482
BOMB_EVADE,"('BOMB', 0, 1)",0.9019274449438506
BOMB_EVADE,"('BOMB', 0, 1)",0.8697962797177259
BOMB_EVADE,"('BOMB', 0, 1)",0.8388097872527819
BOMB_EVADE,"('BOMB', 0, 1)",0.8089271885819015
BOMB_EVADE,"('BOMB', 0, 1)",0.7801091574886713
BOMB_EVADE,"('BOMB', 0, 1)",0.7523177687531375
BOMB_EVADE,"('BOMB', 0, 1)",0.725516448241307
BOMB_EVADE,"('BOMB', 0, 1)",0.6996699247727104
BOMB_EVADE,"('BOMB', 0, 1)",0.6747441837026825
BOMB_EVADE,"('BOMB', 0, 1)",0.6507064221582746
BLOCKED_PATH,"('BOMB', 0, 0)",0.931176864086892
BOMB_EVADE,"('MOVE', 0, 1)",0.5498659198162618
BOMB_EVADE,"('BOMB', 0, 1)",0.6562954628029909
BOMB_EVADE,"('BOMB', 0, 1)",0.6329149369406343
BOMB_EVADE,"('BOMB', 0, 1)",0.6103673423121242
BOMB_EVADE,"('BOMB', 0, 1)",0.5886230057422548
BOMB_EVADE,"('BOMB', 0, 1)",0.567653311162687
BOMB_EVADE,"('BOMB', 0, 1)",0.5474306619525163
BOMB_EVADE,"('BOMB', 0, 1)",0.527928444620458
BOMB_EVADE,"('BOMB', 0, 1)",0.5091209937808541
BOMB_EVADE,"('BOMB', 0, 1)",0.49098355837741114
BOMB_EVADE,"('WAIT', 0, 1)",0.4752781211220418
BLOCKED_PATH,"('BOMB', 0, 0)",0.7716555773946607
BOMB_EVADE,"('MOVE', 0, 1)",0.4752781211220418
BOMB_EVADE,"('WAIT', 0, 1)",0.46785190047951
BLOCKED_PATH,"('BOMB', 0, 0)",0.5935759628400343
BOMB_EVADE,"('MOVE', 1, 0)",0.4308816114601917
BOMB_EVADE,"('MOVE', 2, 0)",0.47907657860806013
BOMB_EVADE,"('MOVE', 3, 0)",0.5263911260529843
BOMB_EVADE,"('MOVE', 4, 0)",0.5728038016430529
BOMB_EVADE,"('MOVE', 5, 0)",0.61827255670886
BOMB_EVADE,"('MOVE', 6, 0)",0.6627358043824723
BOMB_EVADE,"('MOVE', 7, 0)",0.7061135012901112
BOMB_EVADE,"('WAIT', 7, 0)",0.6915217929255011
