Behavior,Feature,Weight
BLOCKED_PATH,distance_to_exit,0.9052736173227269
BLOCKED_PATH,distance_to_wall,-14.517259268856268
BLOCKED_PATH,bomb,-8.118251387366124
BLOCKED_PATH,bomb_hits_wall,-16.30026697582685
BOMB_EVADE,distance_to_exit,-21.449321893057554
BOMB_EVADE,distance_to_bomb,-19.022232773004614
BOMB_EVADE,bomb,0.7694220290486165
BOMB_EVADE,bomb_danger,-2.9156487124107104
BOMB_EVADE,bomb_hits_wall,-20.04059975176077
MONSTER_EVADE,distance_to_exit,-55.432729588301015
MONSTER_EVADE,distance_to_monster,89.13662287298017
MONSTER_EVADE,bomb,1.0
